<?xml version="1.0" encoding="UTF-8"?><!DOCTYPE theme SYSTEM "theme.dtd"><theme name="ciscotheme2"><parm id="ad-assesslogo" type="assessmentstyle"><label>Assessment Logo on Score Detail Page</label><description>Assessment Logo on Score Detail Page</description><value><![CDATA[Cisco_assess_gray_logo.gif]]></value></parm><parm id="ad-bodystyle" type="assessmentstyle"><label>Body style of Assessment Details</label><description>Stylesheet to control body of Assessment Details</description><value><![CDATA[background-color:#FFFFFF;]]></value></parm><parm id="ad-detailheaderstyle" type="assessmentstyle"><label>Score Detail Header Style</label><description>Score Detail Header Style</description><value><![CDATA[font-size:20px;  font-family:arial; font-weight:bold; text-align:left; background-color:#CCCCCC; color:#FFFFFF;]]></value></parm><parm id="ad-detailsnotavailablestyle" type="assessmentstyle"><label>Details not available message style</label><description>Details not available message</description><value><![CDATA[font-size:14px; font-family:verdana; color:#000000; background-color:#CCCCCC; text-align: center;]]></value></parm><parm id="ad-previousdropdownstyle" type="assessmentstyle"><label>Style for the previous score dropdown</label><description>Style for the dropdown for the previous score</description><value><![CDATA[color: black; text-decoration: none; font-family: verdana; font-size:9pt; font-weight: bold; vertical-align: bottom; text-align: left;]]></value></parm><parm id="ad-sectiontitlestyle" type="assessmentstyle"><label>Style of Section Title in Assessment Details Table</label><description>Style of Section Title in Assessment Details Table</description><value><![CDATA[font-size:13px; font-family:verdana; font-weight:bold; color:#000000; background-color:#CCCCCC;]]></value></parm><parm id="ad-statusstyle" type="assessmentstyle"><label>Style of Status Row Headings on Assessment Details</label><description>Style of Status Row Headings on Assessment Details</description><value><![CDATA[font-size:13px; font-family:verdana; color:#000000; background-color:#CCCCCC;]]></value></parm><parm id="ap-assesslogo" type="assessmentstyle"><label>Assessment Logo on the Assessment Prescription Page</label><description>Assessment Logo on the Assessment  Prescription Page</description><value><![CDATA[Cisco_assess_gray_logo.gif]]></value></parm><parm id="ap-detailsnotavailablestyle" type="assessmentstyle"><label>Details not available message style</label><description>Details not available message</description><value><![CDATA[font-size:14px; font-family:verdana; color:#000000; background-color:#CCCCCC; text-align: center;]]></value></parm><parm id="ap-finalscorestyle" type="assessmentstyle"><label>Prescription Final Score Style</label><description>Style of Final Score text on Assessment Prescription</description><value><![CDATA[font-size:12px; font-family:verdana; color:#000000; text-align:center; background-color:#CCCCCC;]]></value></parm><parm id="ap-oddrowstyle" type="assessmentstyle"><label>Prescription Odd Row Style</label><description>Style of odd numbered content rows on Assessment Prescription</description><value><![CDATA[background-color:#CCCCCC;]]></value></parm><parm id="ap-passscorestyle" type="assessmentstyle"><label>Prescription Passing Score Style</label><description>Style of Passing Score text on Assessment Prescription</description><value><![CDATA[font-size:12px; font-family:verdana; font-weight:bold; text-align:center; color:#ff0000; background-color:#CCCCCC;]]></value></parm><parm id="ap-prescriptionheaderstyle" type="assessmentstyle"><label>Prescription Header Style</label><description>Prescription Header Style</description><value><![CDATA[font-size:20px; font-family:arial; font-weight:bold; text-align:left; background-color:#CCCCCC; color:#FFFFFF;]]></value></parm><parm id="ba-assesslogo" type="assessmentstyle"><label>Assessment Logo</label><description>Assessment Logo</description><value><![CDATA[Cisco_assess_gray_logo.gif]]></value></parm><parm id="ba-assesstitle" type="assessmentstyle"><label>Build Assessment Title Style</label><description></description><value><![CDATA[color:#003333; font-family:arial; font-size:20px; font-weight: bold;color:#FFFFFF; background-color:#CCCCCC;]]></value></parm><parm id="ba-footerdiv" type="assessmentstyle"><label>Build Assessment Style for the footer div</label><description>Build Assessment Style for the footer  div</description><value><![CDATA[position:absolute;top:10px;border-style:solid;border-width:1px;border-color:#000000;background-color:#CCCCCC;]]></value></parm><parm id="ba-pageNavBackground" type="assessmentstyle"><label>Page Navigation Background</label><description>Page Navigation Background</description><value><![CDATA[height:56px; background-color:#CCCCCC;]]></value></parm><parm id="ba-pageNavDiv" type="assessmentstyle"><label>Assessment Page Number Div Style</label><description>Assessment Page Number Div Style</description><value><![CDATA[position:absolute; height:50px; left:12; top:81px; border-color:#CCCCCC;border-style:none; border-width:1px; width: 650px; background-color:#CCCCCC;]]></value></parm><parm id="ba-questiontext" type="assessmentstyle"><label>Build Assessment Question Text Style</label><description>Build Assessment Question Text Style</description><value><![CDATA[font-size:13px; font-family: arial; background-color:#EEEEEE; layer-background-color:#EEEEEE;]]></value></parm><parm id="ba-timermessagestyle" type="assessmentstyle"><label>Style for the assesment duration message</label><description>Style for the assesment duration message</description><value><![CDATA[font-size:13px; font-family:verdana; color:#000000; background-color:#CCCCCC;]]></value></parm><parm id="ba-timerstyle" type="assessmentstyle"><label>Assessment Timer Style</label><description>Assessment Timer Style</description><value><![CDATA[position:absolute;left:640px;top:55px;width:112px;height:20px;border-style:none;border-width:1px;border-color:#FFFFFF;]]></value></parm><parm id="columntext" type="contentstyle"><label>Column_Text_Style</label><description>Style of the Column element text</description><value><![CDATA[font-family: Arial, Helvetica, sans-serif; font-weight: normal; font-size:10pt;]]></value></parm><parm id="columntitle" type="contentstyle"><label>Column_Title_Style</label><description>Style of the Column element titles</description><value><![CDATA[font-family: Arial, Helvetica, sans-serif; font-weight: bold; font-size:12pt;]]></value></parm><parm id="glossaryicontitle" type="contentstyle"><label>Glossary_Icon_Label_Style</label><description>Style of the Glossary element, icon label text</description><value><![CDATA[font-family: Arial, Helvetica, sans-serif; font-weight: bold; font-size:12pt; color: #808080;]]></value></parm><parm id="glossarytext" type="contentstyle"><label>Glossary_Text_Style</label><description>Style of the Glossary element text</description><value><![CDATA[font-family: Arial, Helvetica, sans-serif; font-size:10pt;]]></value></parm><parm id="glossarytitle" type="contentstyle"><label>Glossary_Title_Style</label><description>Style of the Glossary element title</description><value><![CDATA[font-family: Arial, Helvetica, sans-serif; font-weight: bold; font-size:12pt;]]></value></parm><parm id="grouptabofftext" type="contentstyle"><label>Group Tab - Text Style - Inactive</label><description>Style for Inactive Group Tabs</description><value><![CDATA[text-decoration: none; font-family: Arial; font-size:8pt; font-weight:bold; text-align: center; color:#FFFFFF;]]></value></parm><parm id="grouptabontext" type="contentstyle"><label>Group Tab - Text Style - Active</label><description>Style for Active Group Tabs</description><value><![CDATA[text-decoration: none; font-family: Arial; font-size:8pt; font-weight:bold; text-align: center; color:#FFFFFF;]]></value></parm><parm id="imagecaption" type="contentstyle"><label>Image_Caption_Style</label><description>Style of the Image element caption</description><value><![CDATA[font-family: Arial, Helvetica, sans-serif; font-size:12pt;]]></value></parm><parm id="imagetext" type="contentstyle"><label>Image_Subtext_Style</label><description>Style of the subtext in Image element</description><value><![CDATA[font-family: Arial, Helvetica, sans-serif; font-size:10pt;]]></value></parm><parm id="imagetitle" type="contentstyle"><label>Image_Subtitle_Style</label><description>Style of the Image element subtitles in presentation</description><value><![CDATA[font-family: Arial, Helvetica, sans-serif; font-weight: bold; font-size:12pt;]]></value></parm><parm id="listtext" type="contentstyle"><label>List_Text_Style</label><description>Style of the List element text</description><value><![CDATA[font-family: Arial, Helvetica, sans-serif; font-size:10pt;]]></value></parm><parm id="maintext" type="contentstyle"><label>Element_Text_Style</label><description>Style of the element text</description><value><![CDATA[font-family: Arial, Helvetica, sans-serif; font-size:10pt;]]></value></parm><parm id="notetext" type="contentstyle"><label>Note_Text_Style</label><description>Style of the Note element text</description><value><![CDATA[font-family: Arial, Helvetica, sans-serif; font-size:10pt;]]></value></parm><parm id="notetitle" type="contentstyle"><label>Note_Title_Style</label><description>Style of the Note element titles</description><value><![CDATA[font-family: Arial, Helvetica, sans-serif; font-weight: bold; font-size:12pt;]]></value></parm><parm id="noticontitle" type="contentstyle"><label>Note_Icon_Label_Style</label><description>Style of the Note element, icon label</description><value><![CDATA[font-family: Arial, Helvetica, sans-serif; font-weight: bold; font-size:12pt; color: #808080;]]></value></parm><parm id="parameterdesctext" type="contentstyle"><label>Parameter_Description_Style</label><description>Style of the Parameter element, description column text</description><value><![CDATA[font-family: Arial, Helvetica, sans-serif; font-size:10pt;]]></value></parm><parm id="parametertext" type="contentstyle"><label>Parameter_Style</label><description>Style of the Parameter element text</description><value><![CDATA[font-family: courier new, monospace; font-size:10pt;]]></value></parm><parm id="parametertitle" type="contentstyle"><label>Parameter_Title_Style</label><description>Style of the Parameter element title</description><value><![CDATA[font-family: Arial, Helvetica, sans-serif; font-size:12pt;]]></value></parm><parm id="questionanswer" type="contentstyle"><label>Question_Choice_Style</label><description>Style of the question choices</description><value><![CDATA[font-family: Arial, Helvetica, sans-serif; font-size:10pt;]]></value></parm><parm id="questiontext" type="contentstyle"><label>Question_Text_Style</label><description>Style of the question text</description><value><![CDATA[font-family: Arial, Helvetica, sans-serif; font-size:10pt; background-color: #EEEEEE; layer-background-color:#EEEEEE;]]></value></parm><parm id="quotesubtext" type="contentstyle"><label>Quote_Subordinate_Text_Style</label><description>Style of the Quote element subtext</description><value><![CDATA[font-family: Arial, Helvetica, sans-serif; font-size:10pt;]]></value></parm><parm id="quotetext" type="contentstyle"><label>Quote_Text_Style</label><description>Style of the Quote element text</description><value><![CDATA[font-family: Arial, Helvetica, sans-serif; font-size:10pt;]]></value></parm><parm id="referencedesctext" type="contentstyle"><label>Reference_Text_Style</label><description>Style of the Reference element description text</description><value><![CDATA[font-family: Arial, Helvetica, sans-serif; font-size:10pt;]]></value></parm><parm id="referencelabeltext" type="contentstyle"><label>Reference_Label_Style</label><description>Style of the Reference element labels</description><value><![CDATA[font-family: Arial, Helvetica, sans-serif; font-size:10pt;]]></value></parm><parm id="slideshowcounter" type="contentstyle"><label>Slideshow_Counter_Style</label><description>Style of the Slideshow counter</description><value><![CDATA[font-family: Arial, Helvetica, sans-serif; font-size:10pt; width: 50px; text-align: center;]]></value></parm><parm id="slideshowtext" type="contentstyle"><label>Slideshow_Text_Style</label><description>Style of the Slideshow text</description><value><![CDATA[font-family: Arial, Helvetica, sans-serif; font-size:10pt; background-color:#FFFFCC;]]></value></parm><parm id="subtitle" type="contentstyle"><label>Element_Subtitle_Style</label><description>Style of the subtitles</description><value><![CDATA[font-family: Arial, Helvetica, sans-serif; font-weight: bold; font-size:12pt; color: #000000;]]></value></parm><parm id="summarytext" type="contentstyle"><label>Summary_Text_Style</label><description>Style of the Summary element text</description><value><![CDATA[font-family: Arial, Helvetica, sans-serif; font-size:10pt; background-color:#FFFFCC; layer-background-color:#FFFFCC;]]></value></parm><parm id="surveylabeltext" type="contentstyle"><label>Survey_Label_Text_Style</label><description>Style of labels of Survey Question elements</description><value><![CDATA[font-family: Arial, Helvetica, sans-serif; font-weight: bold; font-size:10pt;]]></value></parm><parm id="surveytext" type="contentstyle"><label>Survey_Text_Style</label><description>Style for the text of Survey Question elements</description><value><![CDATA[font-family: Arial, Helvetica, sans-serif; font-size:10pt;]]></value></parm><parm id="syntaxcommandtext" type="contentstyle"><label>Syntax_Command_Style</label><description>Syntax element style of the command line text</description><value><![CDATA[font-family: courier new, monospace; font-size:10pt; background-color:#FFFFCC; layer-background-color:#FFFFCC;]]></value></parm><parm id="syntaxcommandtitle" type="contentstyle"><label>Syntax_Command_Text_Style</label><description>Syntax element style of the title</description><value><![CDATA[font-family: Arial, Helvetica, sans-serif; font-weight: bold; font-size:12pt;]]></value></parm><parm id="syntaxdesctext" type="contentstyle"><label>Syntax_Description Text_Style</label><description>Syntax element style of the description column text</description><value><![CDATA[font-family: Arial, Helvetica, sans-serif; font-size:10pt; background-color:#FFFFCC; layer-background-color:#FFFFCC;]]></value></parm><parm id="tabletext" type="contentstyle"><label>Table_Text_Style</label><description>Style of the Table element text</description><value><![CDATA[font-family: Arial, Helvetica, sans-serif; font-size:10pt;]]></value></parm><parm id="tabletitle" type="contentstyle"><label>Table_Title_Style</label><description>Style of the Table element title</description><value><![CDATA[font-family: Arial, Helvetica, sans-serif; font-weight: bold; font-size:12pt; background-color:#FFFFCC; layer-background-color:#FFFFCC;]]></value></parm><parm id="tipicontitle" type="contentstyle"><label>Tip_Icon_Label_Style</label><description>Style of the Tip element, icon label</description><value><![CDATA[font-family: Arial, Helvetica, sans-serif; font-weight: bold; font-size:12pt; color:#808080;]]></value></parm><parm id="tiptext" type="contentstyle"><label>Tip_Text_Style</label><description>Style of the Tip element text</description><value><![CDATA[font-family: Arial, Helvetica, sans-serif; font-size:10pt;]]></value></parm><parm id="tiptitle" type="contentstyle"><label>Tip_Title_Style</label><description>Style of the Tip element title</description><value><![CDATA[font-family: Arial, Helvetica, sans-serif; font-weight: bold; font-size:12pt;]]></value></parm><parm id="title" type="contentstyle"><label>Element_Title_Style</label><description>Style of the element  titles</description><value><![CDATA[font-size:14pt; font-family: arial, sans-serif; font-weight: bold; font-style: normal;]]></value></parm><parm id="a:active.OutstartTreeContent" type="helpsystemstyle"><label>The TreeNode Content(Topic) Link Active Style</label><description>The TreeNode Content(Topic) Link Active Style</description><value><![CDATA[font-family: Verdana, Arial, Helvetica, sans-serif; font-size:9pt; color: #000000; text-decoration: underline;]]></value></parm><parm id="a:hover.OutstartTreeContent" type="helpsystemstyle"><label>The TreeNode Content(Topic) Link Hover Style</label><description>The TreeNode Content(Topic) Link Hover Style</description><value><![CDATA[font-family: Verdana, Arial, Helvetica, sans-serif; font-size:9pt; color: #000000; text-decoration: underline;]]></value></parm><parm id="a.OutstartTreeContent" type="helpsystemstyle"><label>The TreeNode Content(Topic) Link Style</label><description>The TreeNode Content(Topic) Link Style</description><value><![CDATA[font-family: Verdana, Arial, Helvetica, sans-serif; color:#777777; font-size:9pt; text-decoration: none;]]></value></parm><parm id="formtext" type="helpsystemstyle"><label>Search text Style</label><description>Search Text Style</description><value><![CDATA[color: black; text-decoration: none; font-family: Arial; font-size:8pt; font-weight:bold; text-align: center;]]></value></parm><parm id="OutstartTreeContent" type="helpsystemstyle"><label>The TreeNode Content(Topic) Style</label><description>Tree Node Content (Topic) Style</description><value><![CDATA[height: 18px;margin-left: 0px;margin-right: 0px;margin-top: 0px;margin-bottom: 0px;font-size: 9pt;font-weight: 400; font-style: bold;font-family: Arial, Helvetica, sans-serif; color:#777777; font-color:#777777;]]></value></parm><parm id="OutstartTreeNode" type="helpsystemstyle"><label>The TreeNode Style</label><description>Tree Node Style</description><value><![CDATA[font-family: Arial, Helvetica, sans-serif; font-size:12px; font-weight: 600; color: #777777; text-decoration: none; padding-left: 0px;]]></value></parm><parm id="OutstartTreeNodeOver" type="helpsystemstyle"><label>The TreeNode Style on mouseover</label><description>Tree Node Style on MouseOver</description><value><![CDATA[font-family: Arial, Helvetica, sans-serif; font-size:12px; font-weight: 600; color:#000000; text-decoration: none; padding-left: 0px;]]></value></parm><parm id="OutstartTreeNodeSelected" type="helpsystemstyle"><label>The TreeNode Style when Selected</label><description>Tree Node Style when Selected</description><value><![CDATA[font-family: Arial, Helvetica, sans-serif; font-size:12px; font-weight: 600; color:#000000; text-decoration: none; padding-left: 0px;]]></value></parm><parm id="resultstext" type="helpsystemstyle"><label>Results Text Style</label><description>Results Text Style</description><value><![CDATA[color: black; text-decoration: none; font-family: Arial; font-size:8pt; font-weight:400; text-align: left;]]></value></parm><parm id="grouptaboffleft" type="lo"><label>Group Tab - Left Image - Inactive</label><description>Group Tab Left Image - Inactive</description><value><![CDATA[outstart_lefttab_off.gif]]></value></parm><parm id="grouptaboffright" type="lo"><label>Group Tab - Right Image - Inactive</label><description>Group Tab Right Image - Inactive</description><value><![CDATA[outstart_righttab_off.gif]]></value></parm><parm id="grouptabonleft" type="lo"><label>Group Tab - Left Image - Active</label><description>Group Tab Left Image - Active</description><value><![CDATA[outstart_lefttab_on.gif]]></value></parm><parm id="grouptabonright" type="lo"><label>Group Tab - Right Image - Active</label><description>Group Tab Right Image - Active</description><value><![CDATA[outstart_righttab_on.gif]]></value></parm><parm id="lonextlobutton" type="lo"><label>Next LO Button Image cursor off</label><description>Next LO button image cursor off</description><value><![CDATA[cisco2_next_lo.gif]]></value></parm><parm id="lonextlohibutton" type="lo"><label>Next LO Button Image cursor on</label><description>Next LO button image cursor on</description><value><![CDATA[cisco2_next_lo.gif]]></value></parm><parm id="loprevlobutton" type="lo"><label>Prev LO Button Image cursor off</label><description>Prev LO button image cursor off</description><value><![CDATA[cisco2_prev_lo.gif]]></value></parm><parm id="loprevlohibutton" type="lo"><label>Prev LO Button Image cursor on</label><description>Prev LO button image cursor on</description><value><![CDATA[cisco2_prev_lo.gif]]></value></parm><parm id="showlodiscussion" type="lo"><label>Show LO Discussion</label><description>Show LO discussion (true or false)</description><value><![CDATA[true]]></value></parm><parm id="showloglossary" type="lo"><label>Show LO Glossary Button</label><description>Show LO Glossary button (true or false)</description><value><![CDATA[true]]></value></parm><parm id="showlohelp" type="lo"><label>Show LO Help Button</label><description>Show LO Help button (true or false)</description><value><![CDATA[true]]></value></parm><parm id="showlohome" type="lo"><label>Show LO Home Button</label><description>Show LO Home button (true or false)</description><value><![CDATA[true]]></value></parm><parm id="showlonextlo" type="lo"><label>Show LO Next LO Button</label><description>Show LO next LO button (true or false)</description><value><![CDATA[false]]></value></parm><parm id="showlonexttopic" type="lo"><label>Show LO Next Topic Button</label><description>Show LO next topic button (true or false)</description><value><![CDATA[true]]></value></parm><parm id="showloprevlo" type="lo"><label>Show LO Prev LO Button</label><description>Show LO prev LO button (true or false)</description><value><![CDATA[false]]></value></parm><parm id="showloprevtopic" type="lo"><label>Show LO Prev Topic Button</label><description>Show LO prev topic button (true or false)</description><value><![CDATA[true]]></value></parm><parm id="toolbarPos" type="lo"><label>Y coordinate for LO page toolbar</label><description>Y coordinate for LO page toolbar (in pixels, just the number)</description><value><![CDATA[69]]></value></parm><parm id="locontentbackground" type="locolor"><label>LO Frame - Content Frame Background</label><description>LO left content frame background image or color</description><value><![CDATA[FFFFFF]]></value></parm><parm id="locurtitlefont" type="locolor"><label>LO Page Course Title Text Style</label><description>LO page style used for the course title text in the LO header</description><value><![CDATA[font-size:16pt; font-family:verdana, arial narrow; color:#000000; position:absolute; top:8px; left:31px; ]]></value></parm><parm id="lonavbackground" type="locolor"><label>LO Frame - Left Frame Background</label><description>LO left navigation frame background image or color</description><value><![CDATA[cisco2_lonavbg.gif]]></value></parm><parm id="lonavfont" type="locolor"><label>LO Page List Font</label><description>LO navigation font</description><value><![CDATA[color: #000000; text-decoration: none; font-size:8pt; font-family:verdana; font-weight: bold; background-color: transparent; vertical-align: middle;]]></value></parm><parm id="lonavhicolor" type="locolor"><label>LO Page List Font Color - Active</label><description>LO navigation font color with cursor on</description><value><![CDATA[DF0800]]></value></parm><parm id="losubtitlefont" type="locolor"><label>LO Page Topic Count Style (DO NOT use positon attribute)</label><description>LO Page style used in displaying topic count</description><value><![CDATA[font-size:11pt; font-weight:bold; font-family:verdana; top:50px; left:572px; color:#3b4c3c;]]></value></parm><parm id="lotitlefont" type="locolor"><label>LO Page LO Title Text Style</label><description>LO page style used for the LO title text in the LO header</description><value><![CDATA[font-size:11pt; font-weight:bold; font-family: verdana, arial narrow; color:#CC0000; position:absolute; top:50px; left:0px; ]]></value></parm><parm id="separatorbar" type="locolor"><label>LO Content Separator Bar</label><description>LO Content Separator Bar color or image</description><value><![CDATA[666699]]></value></parm><parm id="backoffbutton" type="loimage"><label>Slideshow Back Button - Off</label><description>Slideshow element Back button with cursor off</description><value><![CDATA[back_off.gif]]></value></parm><parm id="backonbutton" type="loimage"><label>Slideshow Back Button - On</label><description>Slideshow element Back button with cursor on</description><value><![CDATA[back_on.gif]]></value></parm><parm id="endoffbutton" type="loimage"><label>Slideshow End Button - Off</label><description>Button to move to end of a Slideshow with cursor off</description><value><![CDATA[end_off.gif]]></value></parm><parm id="endonbutton" type="loimage"><label>Slideshow End Button - On</label><description>Button to move to end of a Slideshow with cursor on</description><value><![CDATA[end_on.gif]]></value></parm><parm id="fwdoffbutton" type="loimage"><label>Slideshow Forward Button - Off</label><description>Slideshow element forward button with cursor off</description><value><![CDATA[fwd_off.gif]]></value></parm><parm id="fwdonbutton" type="loimage"><label>Slideshow Forward Button - On</label><description>Slideshow element forward button with cursor on</description><value><![CDATA[fwd_off.gif]]></value></parm><parm id="lodiscussionbutton" type="loimage"><label>LO Toolbar - Discussion Button - Off</label><description>LO Toolbar discussion button image with cursor off</description><value><![CDATA[cisco2_discussion.gif]]></value></parm><parm id="lodiscussionhibutton" type="loimage"><label>LO Toolbar - Discussion Button - On</label><description>LO Toolbar discussion button image with cursor on</description><value><![CDATA[cisco2_discussion.gif]]></value></parm><parm id="loglossarybutton" type="loimage"><label>LO Toolbar - Glossary Button - Off</label><description>LO Toolbar glossary button image with cursor off</description><value><![CDATA[cisco2_glossary.gif]]></value></parm><parm id="loglossaryhibutton" type="loimage"><label>LO Toolbar Glossary Button - On</label><description>LO Toolbar glossary button image with cursor on</description><value><![CDATA[cisco2_glossary.gif]]></value></parm><parm id="loglossaryimage" type="loimage"><label>Image Used for Glossary Element Icon</label><description>LO glossary element icon</description><value><![CDATA[wd7.gif]]></value></parm><parm id="loheaderbackground" type="loimage"><label>LO Frame - Header Frame Background</label><description>LO header frame background image or color</description><value><![CDATA[cisco2_loheaderbg34.gif]]></value></parm><parm id="lohelpbutton" type="loimage"><label>LO Toolbar Help Button - Off</label><description>LO Toolbar help button image with cursor off</description><value><![CDATA[cisco2_help.gif]]></value></parm><parm id="lohelphibutton" type="loimage"><label>LO Toolbar Help Button - On</label><description>LO Toolbar help button image with cursor on</description><value><![CDATA[cisco2_help.gif]]></value></parm><parm id="lohomebutton" type="loimage"><label>LO Toolbar Home Button - Off</label><description>LO Toolbar home button image with cursor off</description><value><![CDATA[cisco2_home.gif]]></value></parm><parm id="lohomehibutton" type="loimage"><label>LO Toolbar Home Button - On</label><description>LO Toolbar home button image with cursor on</description><value><![CDATA[cisco2_home.gif]]></value></parm><parm id="lologo" type="loimage"><label>LO Frame - Upper Left Corner Frame Background</label><description>LO upper left corner frame image</description><value><![CDATA[cisco2_lologo41.gif]]></value></parm><parm id="lonextbutton" type="loimage"><label>LO Toolbar Next Button - Off</label><description>LO Toolbar Next button image with cursor off</description><value><![CDATA[cisco2_next.gif]]></value></parm><parm id="lonexthibutton" type="loimage"><label>LO Toolbar Next Button - On</label><description>LO Toolbar Next button image with cursor on</description><value><![CDATA[cisco2_next.gif]]></value></parm><parm id="lonoteimage" type="loimage"><label>Image Used for Note Element Icon</label><description>Image used for Note element icon</description><value><![CDATA[wd21.gif]]></value></parm><parm id="loprevbutton" type="loimage"><label>LO Toolbar Prev Button - Off</label><description>LO Toolbar Previous button image with cursor off</description><value><![CDATA[cisco2_back.gif]]></value></parm><parm id="loprevhibutton" type="loimage"><label>LO Toolbar Prev Button - On</label><description>LO Toolbar Previous button image with cursor on</description><value><![CDATA[cisco2_back.gif]]></value></parm><parm id="loquestionimage" type="loimage"><label>Image Used for Question Element Icon</label><description>Image displayed next to each question</description><value><![CDATA[question-color_icon.gif]]></value></parm><parm id="lotipimage" type="loimage"><label>Image Used for Tip Element Icon</label><description>Image used for tip element icon</description><value><![CDATA[wd24.gif]]></value></parm><parm id="startoffbutton" type="loimage"><label>Slideshow Start Button - Off</label><description>Slideshow start button with cursor off</description><value><![CDATA[start_off.gif]]></value></parm><parm id="startonbutton" type="loimage"><label>Slideshow Start Button - On</label><description>Slideshow start button with cursor on</description><value><![CDATA[start_on.gif]]></value></parm><parm id="headerfontsize" type="notused"><label>Header Font Size</label><description>Number representing the size of the header font</description><value><![CDATA[2]]></value></parm><parm id="headertextcolor" type="notused"><label>Table Header Text Color</label><description>Color of the text in the header</description><value><![CDATA[000000]]></value></parm><parm id="headertextposition" type="notused"><label>Text Position for Header</label><description>Choose left, right, or center for positioning header text</description><value><![CDATA[left]]></value></parm><parm id="lonextbuttonoff" type="notused"><label>notused</label><description>notused</description><value><![CDATA[cisco2_next.gif]]></value></parm><parm id="loprevbuttonoff" type="notused"><label>notused</label><description>notused</description><value><![CDATA[cisco2_back.gif]]></value></parm><parm id="questiontitle" type="notused"><label>Question Title</label><description>notused</description><value><![CDATA[font-family: Arial, Helvetica, sans-serif; font-weight: bold; font-size: 12pt;]]></value></parm><parm id="copyrightmsg" type="portal"><label>Copyright Message</label><description>Copyright message used in the footer</description><value><![CDATA[<font style="font-family:arial;font-size:9pt;color:#000000;">All contents copyright<br>&#169; 1992--2001 Cisco Systems, Inc.</font>]]></value></parm><parm id="defaultstudentrole" type="portal"><label>Default Member Role for New Members</label><description>Roles 1-7: 1-Learning Portal Admin, 2-Platform Admin, 3-Developer, 4-Site Admin, 5-Learner, 6-Editorial Reviewer, 7-Content Reviewer</description><value><![CDATA[4]]></value></parm><parm id="headerfont" type="portal"><label>Header Font</label><description>Font used in the header</description><value><![CDATA[color:#000000; text-decoration: none; font-size:10pt; font-family: Verdana; font-weight: bold; vertical-align: middle; text-align: left;]]></value></parm><parm id="helplinkon" type="portal"><label>Help Link in Portal Categories - On/Off</label><description>Turns the help button on or off in the category headers (true / false)</description><value><![CDATA[true]]></value></parm><parm id="maintableleftsize" type="portal"><label>Portal Left Frame Width</label><description>Left frame of portal width in pixels</description><value><![CDATA[160]]></value></parm><parm id="bulletcolor" type="portalcolor"><label>Bullet Color</label><description>Color of the bullets</description><value><![CDATA[666699]]></value></parm><parm id="headercolor" type="portalcolor"><label>Table Header Background Color</label><description>Color of the background color in the header table</description><value><![CDATA[]]></value></parm><parm id="headerunderline" type="portalcolor"><label>Header Underline Color</label><description>Color of the line under the header (leave blank for no line)</description><value><![CDATA[666699]]></value></parm><parm id="helplinkimage" type="portalimage"><label>Help Link Icon on the Category Headers</label><description>Help link icon on the category headers</description><value><![CDATA[help_icon.gif]]></value></parm><parm id="logo" type="portalimage"><label>Portal Header Image</label><description>Portal header image used in top frame</description><value><![CDATA[cisco2_portalheader.gif]]></value></parm><parm id="maintableleftbackground" type="portalimage"><label>Portal Background Image</label><description>Portal background image</description><value><![CDATA[cisco2_portalbg.gif]]></value></parm><parm id="missingstudentimage" type="portalimage"><label>Portal Member Image</label><description>Image used in the Personal Info category</description><value><![CDATA[default_student.gif]]></value></parm><parm id="toc_survey" type="portalimage"><label>TOC Survey Icon</label><description>TOC Survey Icon</description><value><![CDATA[TOC_mini_survey_icon.gif]]></value></parm><parm id="toollaunch" type="portalimage"><label>Authoring Tool Launch Base Image</label><description>Authoring Tool Launch Base Image</description><value><![CDATA[evolution_thumb.gif]]></value></parm><parm id="toollaunchrollover" type="portalimage"><label>Authoring Tool Launch Rollover Image</label><description>Authoring Tool Launch Rollover Image</description><value><![CDATA[evolution_thumb_over.gif]]></value></parm><parm id="contenttitle_pres" type="presstyle"><label>Title Style - Main Slide Title for Elements - Presentation</label><description>Style of the topic title that displays when viewing an element in presentation</description><value><![CDATA[font-size:24pt; font-family: helvetica; font-weight: bold; color:#FFFFFF]]></value></parm><parm id="imagecaption_pres" type="presstyle"><label>Image Caption Style - Presentation</label><description>Style of the Image element caption in presentation</description><value><![CDATA[font-size:16pt; font-family: SF SmallVGA, Helvetica; ]]></value></parm><parm id="maintext_pres" type="presstyle"><label>Style of the Element Text - Presentation</label><description>Style of the element text in presentation</description><value><![CDATA[font-size:21pt; font-family: helvetica;]]></value></parm><parm id="noteicontitle_pres" type="presstyle"><label>Note Icon Label Style - Presentation</label><description>Style of the Note element, icon label in presentation</description><value><![CDATA[font-size:18pt; font-family: Arial; font-weight: bold; color:#808080]]></value></parm><parm id="notetitle_pres" type="presstyle"><label>Note Icon Label Style - Presentation</label><description>Style of the Note element, icon label in presentation</description><value><![CDATA[font-size:24pt; font-family: Helvetica; font-weight: bold;]]></value></parm><parm id="parametertext_pres" type="presstyle"><label>Parameter Style - Presentation</label><description>Style of the Parameter element text in presentation</description><value><![CDATA[font-family: Courier New; font-size:21pt;]]></value></parm><parm id="questiontext_pres" type="presstyle"><label>Question Text Style - Presentation</label><description>Style of the question text in presentation</description><value><![CDATA[font-size:21pt; font-family: Helvetica; background-color:#FFFFCC; layer-background-color:#FFFFCC;]]></value></parm><parm id="slideshowtext_pres" type="presstyle"><label>Slideshow Text Style - Presentation</label><description>Style of the Slideshow text in presentation</description><value><![CDATA[font-size:21pt; font-family: Helvetica; background-color:#FFFFCC;]]></value></parm><parm id="summarytext_pres" type="presstyle"><label>Summary Text Style - Presentation</label><description>Style of the Summary element text in presentation</description><value><![CDATA[font-size:21pt; font-family: Helvetica; background-color:#FFFFCC; layer-background-color:#FFFFCC;]]></value></parm><parm id="syntaxcommandtext_pres" type="presstyle"><label>Syntax Command Style - Presentation</label><description>Syntax element style of the command line text in presentation</description><value><![CDATA[background-color:#FFFFCC; font-weight: bold; font-family: Courier New; font-size:21pt; layer-background-color:#FFFFCC;]]></value></parm><parm id="syntaxdesctext_pres" type="presstyle"><label>Syntax Description Text - Presentation</label><description>Syntax element description of the text in presentation</description><value><![CDATA[font-size:21pt; font-family: Helvetica; background-color:#FFFFCC; layer-background-color:#FFFFCC;]]></value></parm><parm id="topictitle_pres" type="presstyle"><label>Topic Title Style - Presentation</label><description>Style of the topic titles in presentation</description><value><![CDATA[font-size:24pt; font-family: Helvetica; font-weight: bold; color:#FFFFFF;]]></value></parm><parm id="dropdowntext" type="style"><label>Drop Down Listboxes</label><description>Style for Drop Down Listboxes</description><value><![CDATA[font-family: Arial; font-size:8pt;]]></value></parm><parm id="headerbodytext" type="style"><label>Header Body Text style</label><description>Style of the header body text</description><value><![CDATA[font-size:9pt; font-family:Verdana; text-decoration: none; font-weight:bold; vertical-align:top; text-align:left; color:#000000;]]></value></parm><parm id="linktext" type="style"><label>Link Text</label><description>Style for linked text</description><value><![CDATA[font-size:8pt; font-family:Verdana; color:#000000;]]></value></parm><parm id="listlinktext" type="style"><label>Linked Text Appearing in a List</label><description>Style for linked text appearing in a list</description><value><![CDATA[color: black; text-decoration: none; font-family: arial; font-size:9pt; font-weight: bold; vertical-align: middle; text-align: left;]]></value></parm><parm id="notAvailable" type="style"><label>Not Available Text Style</label><description>Style for text of not available</description><value><![CDATA[color: gray; text-decoration: none; font-size:10pt; font-family: verdana; vertical-align: top; text-align: left;]]></value></parm><parm id="NSsmbluetext" type="style"><label>Netscape Small Blue Text</label><description>Style of the small blue text;  (ex. reports - positive data)</description><value><![CDATA[color: navy; text-decoration: none; font-size:8pt; font-family: Verdana; background-color: transparent; vertical-align: middle; text-align: left;]]></value></parm><parm id="smblacktext" type="style"><label>Small Black Text</label><description>Style for the text of additional info (ex. TOC)</description><value><![CDATA[color: black; text-decoration: none; font-size:8pt; font-family: verdana; vertical-align: top; text-align: left;]]></value></parm><parm id="smbluetext" type="style"><label>Small Blue Text</label><description>Style of the bulleted text (ex. TOC)</description><value><![CDATA[font-size:8pt; font-family: Verdana; text-decoration:none; font-weight:bold; vertical-align:top; text-align:left; color:#000000;]]></value></parm><parm id="smboldbluetext" type="style"><label>Style for Selected Curriculum</label><description>Sets the style of the selected curriculum in buildcursel.ssc</description><value><![CDATA[color: navy; text-decoration: none; font-size:8pt; font-family: verdana; font-weight:bold; background-color: transparent; vertical-align: middle;]]></value></parm><parm id="smlabeltext" type="style"><label>Small Label Text</label><description>Style for labels of last access in the Personal Info category</description><value><![CDATA[font-size:9pt; font-family:Verdana; color:#000000; font-weight:bold; text-decoration:none; vertical-align:top;]]></value></parm><parm id="smlefttext" type="style"><label>Small Left Text</label><description>Style for date of last access in the Personal Info category</description><value><![CDATA[color:#000000; text-decoration: none; font-size:9pt; font-family: verdana; font-weight: bold; vertical-align: top; text-align: left;]]></value></parm><parm id="statustext" type="style"><label>Report Status Style</label><description>Sets the status style of a report header.</description><value><![CDATA[color:#FFFFFF; text-decoration: none; font-size:8pt; font-family: verdana; font-weight: bold; vertical-align: top; text-transform: none; background-color:#000000]]></value></parm><parm id="tabofftext" type="style"><label>Portal Category Tab - Text Style - Inactive</label><description>Sets the font style of the inactive tab</description><value><![CDATA[text-decoration: none; font-size:8pt; font-family: Arial; font-weight:bold; text-align: center; color:#FFFFFF;]]></value></parm><parm id="tabontext" type="style"><label>Portal Category Tab - Text Style - Active</label><description>Sets the font style of the active tab</description><value><![CDATA[text-decoration: none; font-size:8pt; font-family: Arial; font-weight:bold; text-align: center; color:#FFFFFF;]]></value></parm><parm id="bs-footerdiv" type="surveystyle"><label>Build Assessment Style for the footer div</label><description></description><value><![CDATA[position:absolute;left:10px;top:10px;border-style:solid;border-width:0px;border-color:#FFFFFFC;background-color:#CCCCCC;]]></value></parm><parm id="bs-pageNavDiv" type="surveystyle"><label>Survey Page Number Div Style</label><description>Survey Page Number Div Style</description><value><![CDATA[position:absolute;width:550px;height:100px;top:75px; border-color:#ff0000; border-style:none; border-width:1px;]]></value></parm><parm id="bs-pagenumberstyle" type="surveystyle"><label>Build Survey Page Number Style</label><description>Survey Page Number Style</description><value><![CDATA[font-size:12px; font-family:verdana; font-weight:bold; color:#ffffff;]]></value></parm><parm id="bs-questionanswer" type="surveystyle"><label>Build Assessment Question Answers Choice Style</label><description></description><value><![CDATA[font-size:12px; font-family: arial;]]></value></parm><parm id="bs-questiontext" type="surveystyle"><label>Build Assessment Question Text Style</label><description></description><value><![CDATA[font-size:13px; font-family:arial; background-color:#EEEEEE; layer-background-color:#EEEEEE;]]></value></parm><parm id="bs-sectiontitle" type="surveystyle"><label>Build Assessment Section Style</label><description></description><value><![CDATA[color:#000000; font-family: arial; font-size:16px; font-weight: bold;]]></value></parm><parm id="ss-completionmessagestyle" type="surveystyle"><label>Survey Completion Message Style</label><description>Style of Completion Message for Survey</description><value><![CDATA[font-size:13px; font-family:verdana; color:#000000; text-align:center;]]></value></parm><parm id="ss-surveyheaderstyle" type="surveystyle"><label>Score Survey Header Style</label><description>Style for the survey header on the score page.</description><value><![CDATA[color:#003333; font-family:arial; font-size:20px; font-weight: bold;color:#FFFFFF;background-color:#CCCCCC;]]></value></parm></theme>